[{"__symbolic":"module","version":3,"metadata":{"Coordinates":{"__symbolic":"interface"},"Geoposition":{"__symbolic":"interface"},"PositionError":{"__symbolic":"interface"},"GeolocationOptions":{"__symbolic":"interface"},"Geolocation":{"__symbolic":"class","extends":{"__symbolic":"reference","module":"@ionic-native/core","name":"IonicNativePlugin"},"decorators":[{"__symbolic":"call","expression":{"__symbolic":"reference","module":"@ionic-native/core","name":"Plugin"},"arguments":[{"pluginName":"Geolocation","plugin":"cordova-plugin-geolocation","pluginRef":"navigator.geolocation","repo":"https://github.com/apache/cordova-plugin-geolocation","install":"ionic cordova plugin add cordova-plugin-geolocation --variable GEOLOCATION_USAGE_DESCRIPTION=\"To locate you\"","installVariables":["GEOLOCATION_USAGE_DESCRIPTION"],"platforms":["Amazon Fire OS","Android","BlackBerry 10","Browser","Firefox OS","iOS","Ubuntu","Windows","Windows Phone"]}]},{"__symbolic":"call","expression":{"__symbolic":"reference","module":"@angular/core","name":"Injectable"}}],"members":{"getCurrentPosition":[{"__symbolic":"method","decorators":[{"__symbolic":"call","expression":{"__symbolic":"reference","module":"@ionic-native/core","name":"Cordova"},"arguments":[{"callbackOrder":"reverse"}]}]}],"watchPosition":[{"__symbolic":"method"}]}}}},{"__symbolic":"module","version":1,"metadata":{"Coordinates":{"__symbolic":"interface"},"Geoposition":{"__symbolic":"interface"},"PositionError":{"__symbolic":"interface"},"GeolocationOptions":{"__symbolic":"interface"},"Geolocation":{"__symbolic":"class","extends":{"__symbolic":"reference","module":"@ionic-native/core","name":"IonicNativePlugin"},"decorators":[{"__symbolic":"call","expression":{"__symbolic":"reference","module":"@ionic-native/core","name":"Plugin"},"arguments":[{"pluginName":"Geolocation","plugin":"cordova-plugin-geolocation","pluginRef":"navigator.geolocation","repo":"https://github.com/apache/cordova-plugin-geolocation","install":"ionic cordova plugin add cordova-plugin-geolocation --variable GEOLOCATION_USAGE_DESCRIPTION=\"To locate you\"","installVariables":["GEOLOCATION_USAGE_DESCRIPTION"],"platforms":["Amazon Fire OS","Android","BlackBerry 10","Browser","Firefox OS","iOS","Ubuntu","Windows","Windows Phone"]}]},{"__symbolic":"call","expression":{"__symbolic":"reference","module":"@angular/core","name":"Injectable"}}],"members":{"getCurrentPosition":[{"__symbolic":"method","decorators":[{"__symbolic":"call","expression":{"__symbolic":"reference","module":"@ionic-native/core","name":"Cordova"},"arguments":[{"callbackOrder":"reverse"}]}]}],"watchPosition":[{"__symbolic":"method"}]}}}}]