[{"__symbolic":"module","version":3,"metadata":{"Network":{"__symbolic":"class","extends":{"__symbolic":"reference","module":"@ionic-native/core","name":"IonicNativePlugin"},"decorators":[{"__symbolic":"call","expression":{"__symbolic":"reference","module":"@ionic-native/core","name":"Plugin"},"arguments":[{"pluginName":"Network","plugin":"cordova-plugin-network-information","pluginRef":"navigator.connection","repo":"https://github.com/apache/cordova-plugin-network-information","platforms":["Amazon Fire OS","Android","BlackBerry 10","Browser","Firefox OS","iOS","Tizen","Ubuntu","Windows","Windows Phone"]}]},{"__symbolic":"call","expression":{"__symbolic":"reference","module":"@angular/core","name":"Injectable"}}],"members":{"type":[{"__symbolic":"property","decorators":[{"__symbolic":"reference","module":"@ionic-native/core","name":"CordovaProperty"}]}],"downlinkMax":[{"__symbolic":"property","decorators":[{"__symbolic":"reference","module":"@ionic-native/core","name":"CordovaProperty"}]}],"onchange":[{"__symbolic":"method","decorators":[{"__symbolic":"call","expression":{"__symbolic":"reference","module":"@ionic-native/core","name":"CordovaCheck"}}]}],"onDisconnect":[{"__symbolic":"method","decorators":[{"__symbolic":"call","expression":{"__symbolic":"reference","module":"@ionic-native/core","name":"Cordova"},"arguments":[{"eventObservable":true,"event":"offline"}]}]}],"onConnect":[{"__symbolic":"method","decorators":[{"__symbolic":"call","expression":{"__symbolic":"reference","module":"@ionic-native/core","name":"Cordova"},"arguments":[{"eventObservable":true,"event":"online"}]}]}]}}}},{"__symbolic":"module","version":1,"metadata":{"Network":{"__symbolic":"class","extends":{"__symbolic":"reference","module":"@ionic-native/core","name":"IonicNativePlugin"},"decorators":[{"__symbolic":"call","expression":{"__symbolic":"reference","module":"@ionic-native/core","name":"Plugin"},"arguments":[{"pluginName":"Network","plugin":"cordova-plugin-network-information","pluginRef":"navigator.connection","repo":"https://github.com/apache/cordova-plugin-network-information","platforms":["Amazon Fire OS","Android","BlackBerry 10","Browser","Firefox OS","iOS","Tizen","Ubuntu","Windows","Windows Phone"]}]},{"__symbolic":"call","expression":{"__symbolic":"reference","module":"@angular/core","name":"Injectable"}}],"members":{"type":[{"__symbolic":"property","decorators":[{"__symbolic":"reference","module":"@ionic-native/core","name":"CordovaProperty"}]}],"downlinkMax":[{"__symbolic":"property","decorators":[{"__symbolic":"reference","module":"@ionic-native/core","name":"CordovaProperty"}]}],"onchange":[{"__symbolic":"method","decorators":[{"__symbolic":"call","expression":{"__symbolic":"reference","module":"@ionic-native/core","name":"CordovaCheck"}}]}],"onDisconnect":[{"__symbolic":"method","decorators":[{"__symbolic":"call","expression":{"__symbolic":"reference","module":"@ionic-native/core","name":"Cordova"},"arguments":[{"eventObservable":true,"event":"offline"}]}]}],"onConnect":[{"__symbolic":"method","decorators":[{"__symbolic":"call","expression":{"__symbolic":"reference","module":"@ionic-native/core","name":"Cordova"},"arguments":[{"eventObservable":true,"event":"online"}]}]}]}}}}]