[{"__symbolic":"module","version":3,"metadata":{"ImagePickerOptions":{"__symbolic":"interface"},"ImagePicker":{"__symbolic":"class","extends":{"__symbolic":"reference","module":"@ionic-native/core","name":"IonicNativePlugin"},"decorators":[{"__symbolic":"call","expression":{"__symbolic":"reference","module":"@ionic-native/core","name":"Plugin"},"arguments":[{"pluginName":"ImagePicker","plugin":"cordova-plugin-telerik-imagepicker","pluginRef":"window.imagePicker","repo":"https://github.com/Telerik-Verified-Plugins/ImagePicker","install":"ionic cordova plugin add cordova-plugin-telerik-imagepicker --variable PHOTO_LIBRARY_USAGE_DESCRIPTION=\"your usage message\"","installVariables":["PHOTO_LIBRARY_USAGE_DESCRIPTION"],"platforms":["Android","iOS"]}]},{"__symbolic":"call","expression":{"__symbolic":"reference","module":"@angular/core","name":"Injectable"}}],"members":{"getPictures":[{"__symbolic":"method","decorators":[{"__symbolic":"call","expression":{"__symbolic":"reference","module":"@ionic-native/core","name":"Cordova"},"arguments":[{"callbackOrder":"reverse"}]}]}],"hasReadPermission":[{"__symbolic":"method","decorators":[{"__symbolic":"call","expression":{"__symbolic":"reference","module":"@ionic-native/core","name":"Cordova"},"arguments":[{"platforms":["Android"]}]}]}],"requestReadPermission":[{"__symbolic":"method","decorators":[{"__symbolic":"call","expression":{"__symbolic":"reference","module":"@ionic-native/core","name":"Cordova"},"arguments":[{"platforms":["Android"]}]}]}]}}}},{"__symbolic":"module","version":1,"metadata":{"ImagePickerOptions":{"__symbolic":"interface"},"ImagePicker":{"__symbolic":"class","extends":{"__symbolic":"reference","module":"@ionic-native/core","name":"IonicNativePlugin"},"decorators":[{"__symbolic":"call","expression":{"__symbolic":"reference","module":"@ionic-native/core","name":"Plugin"},"arguments":[{"pluginName":"ImagePicker","plugin":"cordova-plugin-telerik-imagepicker","pluginRef":"window.imagePicker","repo":"https://github.com/Telerik-Verified-Plugins/ImagePicker","install":"ionic cordova plugin add cordova-plugin-telerik-imagepicker --variable PHOTO_LIBRARY_USAGE_DESCRIPTION=\"your usage message\"","installVariables":["PHOTO_LIBRARY_USAGE_DESCRIPTION"],"platforms":["Android","iOS"]}]},{"__symbolic":"call","expression":{"__symbolic":"reference","module":"@angular/core","name":"Injectable"}}],"members":{"getPictures":[{"__symbolic":"method","decorators":[{"__symbolic":"call","expression":{"__symbolic":"reference","module":"@ionic-native/core","name":"Cordova"},"arguments":[{"callbackOrder":"reverse"}]}]}],"hasReadPermission":[{"__symbolic":"method","decorators":[{"__symbolic":"call","expression":{"__symbolic":"reference","module":"@ionic-native/core","name":"Cordova"},"arguments":[{"platforms":["Android"]}]}]}],"requestReadPermission":[{"__symbolic":"method","decorators":[{"__symbolic":"call","expression":{"__symbolic":"reference","module":"@ionic-native/core","name":"Cordova"},"arguments":[{"platforms":["Android"]}]}]}]}}}}]