[{"__symbolic":"module","version":4,"metadata":{"PluginConfig":{"__symbolic":"interface"},"CordovaOptions":{"__symbolic":"interface"},"CordovaCheckOptions":{"__symbolic":"interface"},"InstanceCheck":{"__symbolic":"function","parameters":["opts"],"value":{"__symbolic":"error","message":"Function call not supported","line":111,"character":9},"defaults":[{}]},"CordovaCheck":{"__symbolic":"function","parameters":["opts"],"value":{"__symbolic":"error","message":"Function call not supported","line":138,"character":9},"defaults":[{}]},"Plugin":{"__symbolic":"function","parameters":["config"],"value":{"__symbolic":"error","message":"Function call not supported","line":178,"character":9}},"Cordova":{"__symbolic":"function","parameters":["opts"],"value":{"__symbolic":"error","message":"Function call not supported","line":228,"character":9},"defaults":[{}]},"CordovaInstance":{"__symbolic":"function","parameters":["opts"],"value":{"__symbolic":"error","message":"Function call not supported","line":244,"character":9},"defaults":[{}]},"CordovaProperty":{"__symbolic":"function"},"InstanceProperty":{"__symbolic":"function"},"CordovaFunctionOverride":{"__symbolic":"function","parameters":["opts"],"value":{"__symbolic":"error","message":"Function call not supported","line":303,"character":9},"defaults":[{}]}}}]