{"moduleName":null,"summaries":[{"symbol":{"__symbol":0,"members":[]},"metadata":{"__symbolic":"interface"}},{"symbol":{"__symbol":1,"members":[]},"metadata":{"__symbolic":"interface"}},{"symbol":{"__symbol":2,"members":[]},"metadata":{"__symbolic":"interface"}},{"symbol":{"__symbol":3,"members":[]},"metadata":{"__symbolic":"function","parameters":["opts"],"value":{"__symbolic":"error","message":"Function call not supported","line":111,"character":9},"defaults":[{}]}},{"symbol":{"__symbol":4,"members":[]},"metadata":{"__symbolic":"function","parameters":["opts"],"value":{"__symbolic":"error","message":"Function call not supported","line":138,"character":9},"defaults":[{}]}},{"symbol":{"__symbol":5,"members":[]},"metadata":{"__symbolic":"function","parameters":["config"],"value":{"__symbolic":"error","message":"Function call not supported","line":178,"character":9}}},{"symbol":{"__symbol":6,"members":[]},"metadata":{"__symbolic":"function","parameters":["opts"],"value":{"__symbolic":"error","message":"Function call not supported","line":228,"character":9},"defaults":[{}]}},{"symbol":{"__symbol":7,"members":[]},"metadata":{"__symbolic":"function","parameters":["opts"],"value":{"__symbolic":"error","message":"Function call not supported","line":244,"character":9},"defaults":[{}]}},{"symbol":{"__symbol":8,"members":[]},"metadata":{"__symbolic":"function"}},{"symbol":{"__symbol":9,"members":[]},"metadata":{"__symbolic":"function"}},{"symbol":{"__symbol":10,"members":[]},"metadata":{"__symbolic":"function","parameters":["opts"],"value":{"__symbolic":"error","message":"Function call not supported","line":303,"character":9},"defaults":[{}]}}],"symbols":[{"__symbol":0,"name":"PluginConfig","filePath":"./decorators"},{"__symbol":1,"name":"CordovaOptions","filePath":"./decorators"},{"__symbol":2,"name":"CordovaCheckOptions","filePath":"./decorators"},{"__symbol":3,"name":"InstanceCheck","filePath":"./decorators"},{"__symbol":4,"name":"CordovaCheck","filePath":"./decorators"},{"__symbol":5,"name":"Plugin","filePath":"./decorators"},{"__symbol":6,"name":"Cordova","filePath":"./decorators"},{"__symbol":7,"name":"CordovaInstance","filePath":"./decorators"},{"__symbol":8,"name":"CordovaProperty","filePath":"./decorators"},{"__symbol":9,"name":"InstanceProperty","filePath":"./decorators"},{"__symbol":10,"name":"CordovaFunctionOverride","filePath":"./decorators"}]}