[{"__symbolic":"module","version":4,"metadata":{"IonicNativePlugin":{"__symbolic":"class","statics":{"pluginName":{"__symbolic":"error","message":"Variable not initialized","line":2,"character":9},"pluginRef":{"__symbolic":"error","message":"Variable not initialized","line":4,"character":9},"plugin":{"__symbolic":"error","message":"Variable not initialized","line":6,"character":9},"repo":{"__symbolic":"error","message":"Variable not initialized","line":8,"character":9},"platforms":{"__symbolic":"error","message":"Variable not initialized","line":10,"character":9},"install":{"__symbolic":"error","message":"Variable not initialized","line":12,"character":9},"installed":{"__symbolic":"function","parameters":[],"value":false}}}}}]