[{"__symbolic":"module","version":4,"metadata":{"get":{"__symbolic":"error","message":"Function call not supported","line":5,"character":19},"getPromise":{"__symbolic":"error","message":"Function call not supported","line":19,"character":26},"getPlugin":{"__symbolic":"error","message":"Function call not supported","line":39,"character":25},"pluginWarn":{"__symbolic":"error","message":"Function call not supported","line":46,"character":26},"cordovaWarn":{"__symbolic":"error","message":"Function call not supported","line":62,"character":27}}}]