{"moduleName":null,"summaries":[{"symbol":{"__symbol":0,"members":[]},"metadata":{"__symbolic":"error","message":"Function call not supported","line":5,"character":19}},{"symbol":{"__symbol":1,"members":[]},"metadata":{"__symbolic":"error","message":"Function call not supported","line":19,"character":26}},{"symbol":{"__symbol":2,"members":[]},"metadata":{"__symbolic":"error","message":"Function call not supported","line":39,"character":25}},{"symbol":{"__symbol":3,"members":[]},"metadata":{"__symbolic":"error","message":"Function call not supported","line":46,"character":26}},{"symbol":{"__symbol":4,"members":[]},"metadata":{"__symbolic":"error","message":"Function call not supported","line":62,"character":27}}],"symbols":[{"__symbol":0,"name":"get","filePath":"./util"},{"__symbol":1,"name":"getPromise","filePath":"./util"},{"__symbol":2,"name":"getPlugin","filePath":"./util"},{"__symbol":3,"name":"pluginWarn","filePath":"./util"},{"__symbol":4,"name":"cordovaWarn","filePath":"./util"}]}