[{"__symbolic":"module","version":3,"metadata":{"CameraOptions":{"__symbolic":"interface"},"CameraPopoverOptions":{"__symbolic":"interface"},"DestinationType":{"DATA_URL":0,"FILE_URL":1,"NATIVE_URI":2},"EncodingType":{"JPEG":0,"PNG":1},"MediaType":{"PICTURE":0,"VIDEO":1,"ALLMEDIA":2},"PictureSourceType":{"PHOTOLIBRARY":0,"CAMERA":1,"SAVEDPHOTOALBUM":2},"PopoverArrowDirection":{"ARROW_UP":1,"ARROW_DOWN":2,"ARROW_LEFT":3,"ARROW_RIGHT":4,"ARROW_ANY":5},"Direction":{"BACK":0,"FRONT":1},"Camera":{"__symbolic":"class","extends":{"__symbolic":"reference","module":"@ionic-native/core","name":"IonicNativePlugin"},"decorators":[{"__symbolic":"call","expression":{"__symbolic":"reference","module":"@ionic-native/core","name":"Plugin"},"arguments":[{"pluginName":"Camera","plugin":"cordova-plugin-camera","pluginRef":"navigator.camera","repo":"https://github.com/apache/cordova-plugin-camera","platforms":["Android","Browser","iOS","Windows"]}]},{"__symbolic":"call","expression":{"__symbolic":"reference","module":"@angular/core","name":"Injectable"}}],"members":{"getPicture":[{"__symbolic":"method","decorators":[{"__symbolic":"call","expression":{"__symbolic":"reference","module":"@ionic-native/core","name":"Cordova"},"arguments":[{"callbackOrder":"reverse"}]}]}],"cleanup":[{"__symbolic":"method","decorators":[{"__symbolic":"call","expression":{"__symbolic":"reference","module":"@ionic-native/core","name":"Cordova"},"arguments":[{"platforms":["iOS"]}]}]}]}}}},{"__symbolic":"module","version":1,"metadata":{"CameraOptions":{"__symbolic":"interface"},"CameraPopoverOptions":{"__symbolic":"interface"},"DestinationType":{"DATA_URL":0,"FILE_URL":1,"NATIVE_URI":2},"EncodingType":{"JPEG":0,"PNG":1},"MediaType":{"PICTURE":0,"VIDEO":1,"ALLMEDIA":2},"PictureSourceType":{"PHOTOLIBRARY":0,"CAMERA":1,"SAVEDPHOTOALBUM":2},"PopoverArrowDirection":{"ARROW_UP":1,"ARROW_DOWN":2,"ARROW_LEFT":3,"ARROW_RIGHT":4,"ARROW_ANY":5},"Direction":{"BACK":0,"FRONT":1},"Camera":{"__symbolic":"class","extends":{"__symbolic":"reference","module":"@ionic-native/core","name":"IonicNativePlugin"},"decorators":[{"__symbolic":"call","expression":{"__symbolic":"reference","module":"@ionic-native/core","name":"Plugin"},"arguments":[{"pluginName":"Camera","plugin":"cordova-plugin-camera","pluginRef":"navigator.camera","repo":"https://github.com/apache/cordova-plugin-camera","platforms":["Android","Browser","iOS","Windows"]}]},{"__symbolic":"call","expression":{"__symbolic":"reference","module":"@angular/core","name":"Injectable"}}],"members":{"getPicture":[{"__symbolic":"method","decorators":[{"__symbolic":"call","expression":{"__symbolic":"reference","module":"@ionic-native/core","name":"Cordova"},"arguments":[{"callbackOrder":"reverse"}]}]}],"cleanup":[{"__symbolic":"method","decorators":[{"__symbolic":"call","expression":{"__symbolic":"reference","module":"@ionic-native/core","name":"Cordova"},"arguments":[{"platforms":["iOS"]}]}]}]}}}}]