[{"__symbolic":"module","version":3,"metadata":{"Sim":{"__symbolic":"class","extends":{"__symbolic":"reference","module":"@ionic-native/core","name":"IonicNativePlugin"},"decorators":[{"__symbolic":"call","expression":{"__symbolic":"reference","module":"@ionic-native/core","name":"Plugin"},"arguments":[{"pluginName":"Sim","plugin":"cordova-plugin-sim","pluginRef":"plugins.sim","repo":"https://github.com/pbakondy/cordova-plugin-sim","platforms":["Android","iOS","Windows","Windows Phone"]}]},{"__symbolic":"call","expression":{"__symbolic":"reference","module":"@angular/core","name":"Injectable"}}],"members":{"getSimInfo":[{"__symbolic":"method","decorators":[{"__symbolic":"call","expression":{"__symbolic":"reference","module":"@ionic-native/core","name":"Cordova"}}]}],"hasReadPermission":[{"__symbolic":"method","decorators":[{"__symbolic":"call","expression":{"__symbolic":"reference","module":"@ionic-native/core","name":"Cordova"},"arguments":[{"platforms":["Android"]}]}]}],"requestReadPermission":[{"__symbolic":"method","decorators":[{"__symbolic":"call","expression":{"__symbolic":"reference","module":"@ionic-native/core","name":"Cordova"},"arguments":[{"platforms":["Android"]}]}]}]}}}},{"__symbolic":"module","version":1,"metadata":{"Sim":{"__symbolic":"class","extends":{"__symbolic":"reference","module":"@ionic-native/core","name":"IonicNativePlugin"},"decorators":[{"__symbolic":"call","expression":{"__symbolic":"reference","module":"@ionic-native/core","name":"Plugin"},"arguments":[{"pluginName":"Sim","plugin":"cordova-plugin-sim","pluginRef":"plugins.sim","repo":"https://github.com/pbakondy/cordova-plugin-sim","platforms":["Android","iOS","Windows","Windows Phone"]}]},{"__symbolic":"call","expression":{"__symbolic":"reference","module":"@angular/core","name":"Injectable"}}],"members":{"getSimInfo":[{"__symbolic":"method","decorators":[{"__symbolic":"call","expression":{"__symbolic":"reference","module":"@ionic-native/core","name":"Cordova"}}]}],"hasReadPermission":[{"__symbolic":"method","decorators":[{"__symbolic":"call","expression":{"__symbolic":"reference","module":"@ionic-native/core","name":"Cordova"},"arguments":[{"platforms":["Android"]}]}]}],"requestReadPermission":[{"__symbolic":"method","decorators":[{"__symbolic":"call","expression":{"__symbolic":"reference","module":"@ionic-native/core","name":"Cordova"},"arguments":[{"platforms":["Android"]}]}]}]}}}}]