[{"__symbolic":"module","version":4,"metadata":{"SplashScreen":{"__symbolic":"class","extends":{"__symbolic":"reference","module":"@ionic-native/core","name":"IonicNativePlugin"},"decorators":[{"__symbolic":"call","expression":{"__symbolic":"reference","module":"@ionic-native/core","name":"Plugin"},"arguments":[{"pluginName":"SplashScreen","plugin":"cordova-plugin-splashscreen","pluginRef":"navigator.splashscreen","repo":"https://github.com/apache/cordova-plugin-splashscreen","platforms":["Amazon Fire OS","Android","BlackBerry 10","iOS","Tizen","Ubuntu","Windows","Windows Phone"]}]},{"__symbolic":"call","expression":{"__symbolic":"reference","module":"@angular/core","name":"Injectable"}}],"members":{"show":[{"__symbolic":"method","decorators":[{"__symbolic":"call","expression":{"__symbolic":"reference","module":"@ionic-native/core","name":"Cordova"},"arguments":[{"sync":true}]}]}],"hide":[{"__symbolic":"method","decorators":[{"__symbolic":"call","expression":{"__symbolic":"reference","module":"@ionic-native/core","name":"Cordova"},"arguments":[{"sync":true}]}]}]}}}}]