[{"__symbolic":"module","version":3,"metadata":{"Keyboard":{"__symbolic":"class","extends":{"__symbolic":"reference","module":"@ionic-native/core","name":"IonicNativePlugin"},"decorators":[{"__symbolic":"call","expression":{"__symbolic":"reference","module":"@ionic-native/core","name":"Plugin"},"arguments":[{"pluginName":"Keyboard","plugin":"ionic-plugin-keyboard","pluginRef":"cordova.plugins.Keyboard","repo":"https://github.com/ionic-team/ionic-plugin-keyboard","platforms":["Android","BlackBerry 10","iOS","Windows"]}]},{"__symbolic":"call","expression":{"__symbolic":"reference","module":"@angular/core","name":"Injectable"}}],"members":{"hideKeyboardAccessoryBar":[{"__symbolic":"method","decorators":[{"__symbolic":"call","expression":{"__symbolic":"reference","module":"@ionic-native/core","name":"Cordova"},"arguments":[{"sync":true}]}]}],"show":[{"__symbolic":"method","decorators":[{"__symbolic":"call","expression":{"__symbolic":"reference","module":"@ionic-native/core","name":"Cordova"},"arguments":[{"sync":true,"platforms":["Android","BlackBerry 10","Windows"]}]}]}],"close":[{"__symbolic":"method","decorators":[{"__symbolic":"call","expression":{"__symbolic":"reference","module":"@ionic-native/core","name":"Cordova"},"arguments":[{"sync":true,"platforms":["iOS","Android","BlackBerry 10","Windows"]}]}]}],"disableScroll":[{"__symbolic":"method","decorators":[{"__symbolic":"call","expression":{"__symbolic":"reference","module":"@ionic-native/core","name":"Cordova"},"arguments":[{"sync":true,"platforms":["iOS","Windows"]}]}]}],"onKeyboardShow":[{"__symbolic":"method","decorators":[{"__symbolic":"call","expression":{"__symbolic":"reference","module":"@ionic-native/core","name":"Cordova"},"arguments":[{"eventObservable":true,"event":"native.keyboardshow","platforms":["iOS","Android","BlackBerry 10","Windows"]}]}]}],"onKeyboardHide":[{"__symbolic":"method","decorators":[{"__symbolic":"call","expression":{"__symbolic":"reference","module":"@ionic-native/core","name":"Cordova"},"arguments":[{"eventObservable":true,"event":"native.keyboardhide","platforms":["iOS","Android","BlackBerry 10","Windows"]}]}]}]}}}},{"__symbolic":"module","version":1,"metadata":{"Keyboard":{"__symbolic":"class","extends":{"__symbolic":"reference","module":"@ionic-native/core","name":"IonicNativePlugin"},"decorators":[{"__symbolic":"call","expression":{"__symbolic":"reference","module":"@ionic-native/core","name":"Plugin"},"arguments":[{"pluginName":"Keyboard","plugin":"ionic-plugin-keyboard","pluginRef":"cordova.plugins.Keyboard","repo":"https://github.com/ionic-team/ionic-plugin-keyboard","platforms":["Android","BlackBerry 10","iOS","Windows"]}]},{"__symbolic":"call","expression":{"__symbolic":"reference","module":"@angular/core","name":"Injectable"}}],"members":{"hideKeyboardAccessoryBar":[{"__symbolic":"method","decorators":[{"__symbolic":"call","expression":{"__symbolic":"reference","module":"@ionic-native/core","name":"Cordova"},"arguments":[{"sync":true}]}]}],"show":[{"__symbolic":"method","decorators":[{"__symbolic":"call","expression":{"__symbolic":"reference","module":"@ionic-native/core","name":"Cordova"},"arguments":[{"sync":true,"platforms":["Android","BlackBerry 10","Windows"]}]}]}],"close":[{"__symbolic":"method","decorators":[{"__symbolic":"call","expression":{"__symbolic":"reference","module":"@ionic-native/core","name":"Cordova"},"arguments":[{"sync":true,"platforms":["iOS","Android","BlackBerry 10","Windows"]}]}]}],"disableScroll":[{"__symbolic":"method","decorators":[{"__symbolic":"call","expression":{"__symbolic":"reference","module":"@ionic-native/core","name":"Cordova"},"arguments":[{"sync":true,"platforms":["iOS","Windows"]}]}]}],"onKeyboardShow":[{"__symbolic":"method","decorators":[{"__symbolic":"call","expression":{"__symbolic":"reference","module":"@ionic-native/core","name":"Cordova"},"arguments":[{"eventObservable":true,"event":"native.keyboardshow","platforms":["iOS","Android","BlackBerry 10","Windows"]}]}]}],"onKeyboardHide":[{"__symbolic":"method","decorators":[{"__symbolic":"call","expression":{"__symbolic":"reference","module":"@ionic-native/core","name":"Cordova"},"arguments":[{"eventObservable":true,"event":"native.keyboardhide","platforms":["iOS","Android","BlackBerry 10","Windows"]}]}]}]}}}}]