[{"__symbolic":"module","version":3,"metadata":{"Device":{"__symbolic":"class","extends":{"__symbolic":"reference","module":"@ionic-native/core","name":"IonicNativePlugin"},"decorators":[{"__symbolic":"call","expression":{"__symbolic":"reference","module":"@ionic-native/core","name":"Plugin"},"arguments":[{"pluginName":"Device","plugin":"cordova-plugin-device","pluginRef":"device","repo":"https://github.com/apache/cordova-plugin-device","platforms":["Android","Browser","iOS","macOS","Windows"]}]},{"__symbolic":"call","expression":{"__symbolic":"reference","module":"@angular/core","name":"Injectable"}}],"members":{"cordova":[{"__symbolic":"property","decorators":[{"__symbolic":"reference","module":"@ionic-native/core","name":"CordovaProperty"}]}],"model":[{"__symbolic":"property","decorators":[{"__symbolic":"reference","module":"@ionic-native/core","name":"CordovaProperty"}]}],"platform":[{"__symbolic":"property","decorators":[{"__symbolic":"reference","module":"@ionic-native/core","name":"CordovaProperty"}]}],"uuid":[{"__symbolic":"property","decorators":[{"__symbolic":"reference","module":"@ionic-native/core","name":"CordovaProperty"}]}],"version":[{"__symbolic":"property","decorators":[{"__symbolic":"reference","module":"@ionic-native/core","name":"CordovaProperty"}]}],"manufacturer":[{"__symbolic":"property","decorators":[{"__symbolic":"reference","module":"@ionic-native/core","name":"CordovaProperty"}]}],"isVirtual":[{"__symbolic":"property","decorators":[{"__symbolic":"reference","module":"@ionic-native/core","name":"CordovaProperty"}]}],"serial":[{"__symbolic":"property","decorators":[{"__symbolic":"reference","module":"@ionic-native/core","name":"CordovaProperty"}]}]}}}},{"__symbolic":"module","version":1,"metadata":{"Device":{"__symbolic":"class","extends":{"__symbolic":"reference","module":"@ionic-native/core","name":"IonicNativePlugin"},"decorators":[{"__symbolic":"call","expression":{"__symbolic":"reference","module":"@ionic-native/core","name":"Plugin"},"arguments":[{"pluginName":"Device","plugin":"cordova-plugin-device","pluginRef":"device","repo":"https://github.com/apache/cordova-plugin-device","platforms":["Android","Browser","iOS","macOS","Windows"]}]},{"__symbolic":"call","expression":{"__symbolic":"reference","module":"@angular/core","name":"Injectable"}}],"members":{"cordova":[{"__symbolic":"property","decorators":[{"__symbolic":"reference","module":"@ionic-native/core","name":"CordovaProperty"}]}],"model":[{"__symbolic":"property","decorators":[{"__symbolic":"reference","module":"@ionic-native/core","name":"CordovaProperty"}]}],"platform":[{"__symbolic":"property","decorators":[{"__symbolic":"reference","module":"@ionic-native/core","name":"CordovaProperty"}]}],"uuid":[{"__symbolic":"property","decorators":[{"__symbolic":"reference","module":"@ionic-native/core","name":"CordovaProperty"}]}],"version":[{"__symbolic":"property","decorators":[{"__symbolic":"reference","module":"@ionic-native/core","name":"CordovaProperty"}]}],"manufacturer":[{"__symbolic":"property","decorators":[{"__symbolic":"reference","module":"@ionic-native/core","name":"CordovaProperty"}]}],"isVirtual":[{"__symbolic":"property","decorators":[{"__symbolic":"reference","module":"@ionic-native/core","name":"CordovaProperty"}]}],"serial":[{"__symbolic":"property","decorators":[{"__symbolic":"reference","module":"@ionic-native/core","name":"CordovaProperty"}]}]}}}}]