[{"__symbolic":"module","version":3,"metadata":{"SpinnerDialogIOSOptions":{"__symbolic":"interface"},"SpinnerDialog":{"__symbolic":"class","extends":{"__symbolic":"reference","module":"@ionic-native/core","name":"IonicNativePlugin"},"decorators":[{"__symbolic":"call","expression":{"__symbolic":"reference","module":"@ionic-native/core","name":"Plugin"},"arguments":[{"pluginName":"SpinnerDialog","plugin":"cordova-plugin-native-spinner","pluginRef":"SpinnerDialog","repo":"https://github.com/greybax/cordova-plugin-native-spinner","platforms":["Android","iOS","Windows Phone 8","Windows"]}]},{"__symbolic":"call","expression":{"__symbolic":"reference","module":"@angular/core","name":"Injectable"}}],"members":{"show":[{"__symbolic":"method","decorators":[{"__symbolic":"call","expression":{"__symbolic":"reference","module":"@ionic-native/core","name":"Cordova"},"arguments":[{"sync":true}]}]}],"hide":[{"__symbolic":"method","decorators":[{"__symbolic":"call","expression":{"__symbolic":"reference","module":"@ionic-native/core","name":"Cordova"},"arguments":[{"sync":true}]}]}]}}}},{"__symbolic":"module","version":1,"metadata":{"SpinnerDialogIOSOptions":{"__symbolic":"interface"},"SpinnerDialog":{"__symbolic":"class","extends":{"__symbolic":"reference","module":"@ionic-native/core","name":"IonicNativePlugin"},"decorators":[{"__symbolic":"call","expression":{"__symbolic":"reference","module":"@ionic-native/core","name":"Plugin"},"arguments":[{"pluginName":"SpinnerDialog","plugin":"cordova-plugin-native-spinner","pluginRef":"SpinnerDialog","repo":"https://github.com/greybax/cordova-plugin-native-spinner","platforms":["Android","iOS","Windows Phone 8","Windows"]}]},{"__symbolic":"call","expression":{"__symbolic":"reference","module":"@angular/core","name":"Injectable"}}],"members":{"show":[{"__symbolic":"method","decorators":[{"__symbolic":"call","expression":{"__symbolic":"reference","module":"@ionic-native/core","name":"Cordova"},"arguments":[{"sync":true}]}]}],"hide":[{"__symbolic":"method","decorators":[{"__symbolic":"call","expression":{"__symbolic":"reference","module":"@ionic-native/core","name":"Cordova"},"arguments":[{"sync":true}]}]}]}}}}]